fid,id,NOM_DPTO,COD_DPTO,municipio,COD_MUN,COD_MUN4,TASA_POBR,POBR_FISDL,PERIM_KM,AREA_KM2,POB_TOTAL,POB_HOMB,POB_MUJER,Shape_Leng,Shape_Area,densidad,2024_TOTAL_HOMBRES_sum,2024_TOTAL_MUJERES_sum,2024_TOTAL_GENERAL_sum,porcentaje_inscritos
"1","1",CHALATENANGO,"04",NUEVA CONCEPCION,"16","0416",46.6,Pobreza Moderada,111.054433163,343.809219455,"28625","13491","15134",1.01535628415,0.0287785095141,"83",2543.000000,2501.000000,5044.000000,17.62096069869
"2","2",CHALATENANGO,"04",AGUA CALIENTE,"01","0401",57.3,Pobreza Alta,59.3385832342,128.497303591,"8261","3820","4441",0.541842218847,0.0107605158936,"64",634.000000,672.000000,1306.000000,15.8092240648832
"3","3",CHALATENANGO,"04",LA PALMA,"12","0412",52.4,Pobreza Alta,75.920712981,150.504556208,"12235","5781","6454",0.696166904001,0.0126086420593,"81",1360.000000,1418.000000,2778.000000,22.7053534940744
"4","4",CHALATENANGO,"04",SAN IGNACIO,"25","0425",55.2,Pobreza Alta,50.1996160331,57.7065362034,"8611","4055","4556",0.460159624891,0.00483544073615,"149",883.000000,952.000000,1835.000000,21.3099523864824
"5","5",CHALATENANGO,"04",CITALA,"04","0404",55.7,Pobreza Alta,59.1406995548,73.6234858813,"4164","1964","2200",0.543241210535,0.00616964319456,"57",538.000000,516.000000,1054.000000,25.312199807877
"6","6",CHALATENANGO,"04",SAN FERNANDO,"22","0422",81.8,Pobreza Severa,36.2437749788,34.4920153238,"2593","1272","1321",0.331888625233,0.00288957392034,"75",124.000000,136.000000,260.000000,10.0269957578095
"7","7",CHALATENANGO,"04",LA REINA,"13","0413",48.6,Pobreza Moderada,62.4074025034,104.799143702,"9525","4503","5022",0.570045860383,0.00877598693295,"91",714.000000,746.000000,1460.000000,15.3280839895013
"8","8",CHALATENANGO,"04",SAN FRANCISCO MORAZAN,"24","0424",77.2,Pobreza Severa,56.0974662648,95.0230669368,"3919","1987","1932",0.512510405114,0.00795796503413,"41",441.000000,380.000000,821.000000,20.9492217402399
"9","9",CHALATENANGO,"04",TEJUTLA,"33","0433",46.2,Pobreza Moderada,69.1194152714,118.866404842,"13608","6565","7043",0.632857928314,0.00995208946402,"114",1429.000000,1431.000000,2860.000000,21.0170487948266
"10","10",CHALATENANGO,"04",DULCE NOMBRE DE MARIA,"08","0408",59.4,Pobreza Alta,49.093912568,66.7859611337,"5051","2377","2674",0.448734980746,0.00559279238888,"76",529.000000,490.000000,1019.000000,20.1742229261532
"11","11",CHALATENANGO,"04",EL PARAISO,"10","0410",48.6,Pobreza Moderada,39.6076755904,57.7681653217,"10483","5072","5411",0.362254202092,0.00483542915559,"181",1229.000000,1126.000000,2355.000000,22.4649432414385
"12","12",CHALATENANGO,"04",SAN RAFAEL,"31","0431",47.6,Pobreza Moderada,35.3014987899,26.8853798915,"4264","1996","2268",0.322784667417,0.00225070618895,"159",333.000000,313.000000,646.000000,15.1500938086304
"13","13",CHALATENANGO,"04",SANTA RITA,"32","0432",41.9,Pobreza Moderada,42.5361435587,49.4010279882,"5985","2881","3104",0.388906608701,0.00413504553463,"121",359.000000,323.000000,682.000000,11.3951545530493
"14","14",CHALATENANGO,"04",CONCEPCION QUEZALTEPEQUE,"06","0406",61.7,Pobreza Alta,32.9103500976,49.3664650846,"6457","3049","3408",0.301312784716,0.00413230914073,"131",608.000000,541.000000,1149.000000,17.7946414743689
"15","15",CHALATENANGO,"04",CHALATENANGO,"07","0407",37.6,Pobreza Moderada,74.7254042301,131.606525499,"29271","14160","15111",0.683528113627,0.0110137191276,"222",3078.000000,3013.000000,6091.000000,20.8089918349219
"16","16",CHALATENANGO,"04",NUEVA TRINIDAD,"17","0417",65.5,Pobreza Alta,31.3636843161,39.7186944135,"1673","858","815",0.287227939488,0.00332440118252,"42",123.000000,154.000000,277.000000,16.5570830842797
"17","17",CHALATENANGO,"04",LAS VUELTAS,"14","0414",75.2,Pobreza Severa,29.6872993071,34.2551074876,"940","453","487",0.271481787282,0.00286732415197,"27",150.000000,165.000000,315.000000,33.5106382978723
"18","18",CHALATENANGO,"04",OJOS DE AGUA,"18","0418",71.8,Pobreza Severa,31.9444884624,41.1042651373,"3667","1643","2024",0.291965674385,0.00344119571981,"89",271.000000,311.000000,582.000000,15.8712844286883
"19","19",CHALATENANGO,"04",SAN ISIDRO LABRADOR,"26","0426",75.8,Pobreza Severa,24.4673987075,25.6778254193,"2592","1243","1349",0.224860102331,0.00214864022715,"101",35.000000,34.000000,69.000000,2.66203703703704
"20","20",CHALATENANGO,"04",CANCASQUE,"27","0427",81.3,Pobreza Severa,24.3565000229,30.0676634455,"1751","886","865",0.223593053579,0.00251560434657,"58",186.000000,179.000000,365.000000,20.8452312964021
"21","21",CHALATENANGO,"04",POTONICO,"19","0419",76.2,Pobreza Severa,29.7258648281,37.7178047607,"1586","758","828",0.272457492166,0.00315542311495,"42",151.000000,139.000000,290.000000,18.2849936948298
"22","22",CHALATENANGO,"04",SAN MIGUEL DE MERCEDES,"30","0430",56.1,Pobreza Alta,24.8265563644,28.0451607942,"2487","1236","1251",0.227548419394,0.00234658828018,"89",273.000000,230.000000,503.000000,20.2251708886208
"23","23",CHALATENANGO,"04",SAN ANTONIO LOS RANCHOS,"21","0421",80.2,Pobreza Severa,17.1425271632,12.8742244722,"1619","792","827",0.15719809594,0.00107722900568,"126",76.000000,80.000000,156.000000,9.63557751698579
"24","24",CHALATENANGO,"04",AZACUALPA,"03","0403",58.6,Pobreza Alta,14.4349907394,12.0849716701,"1136","550","586",0.131760032812,0.0010111525846,"94",81.000000,94.000000,175.000000,15.4049295774648
"25","25",CHALATENANGO,"04",SAN LUIS DEL CARMEN,"29","0429",65.8,Pobreza Alta,21.0571107442,20.8831313885,"1173","571","602",0.192990291379,0.00174708388466,"56",60.000000,57.000000,117.000000,9.97442455242967
"26","26",SANTA ANA,"02",METAPAN,"07","0207",38.1,Pobreza Moderada,147.444856219,691.474148641,"59004","27831","31173",1.34901114671,0.0579315471965,"85",5841.000000,5932.000000,11773.000000,19.9528845502
"27","27",SANTA ANA,"02",SAN ANTONIO PAJONAL,"08","0208",50.4,Pobreza Alta,42.8076629786,51.2378927628,"3279","1607","1672",0.390994077117,0.00429050803596,"64",335.000000,321.000000,656.000000,20.006099420555
"28","28",SANTA ANA,"02",SANTIAGO DE LA FRONTERA,"12","0212",68.2,Pobreza Severa,26.6100536633,40.966233099,"5196","2514","2682",0.243743783014,0.00343018072002,"127",437.000000,447.000000,884.000000,17.0130869899923
"29","29",SANTA ANA,"02",SANTA ROSA GUACHIPILIN,"11","0211",57.6,Pobreza Alta,42.0123540877,50.9635491777,"4930","2324","2606",0.384907752126,0.0042677398835,"97",418.000000,431.000000,849.000000,17.2210953346856
"30","30",SANTA ANA,"02",MASAHUAT,"06","0206",77.7,Pobreza Severa,36.2825830415,52.0490069322,"3393","1658","1735",0.332517854594,0.00435804172459,"65",407.000000,364.000000,771.000000,22.7232537577365
"31","31",SANTA ANA,"02",TEXISTEPEQUE,"13","0213",46.5,Pobreza Moderada,82.711108066,167.920308204,"17923","8669","9254",0.757929972509,0.0140571240013,"107",1921.000000,1876.000000,3797.000000,21.1850694638174
"32","32",SANTA ANA,"02",CANDELARIA DE LA FRONTERA,"01","0201",50.8,Pobreza Alta,61.8388927702,100.615451634,"22686","11026","11660",0.564913014592,0.00842270519181,"225",2542.000000,2332.000000,4874.000000,21.48461606277
"33","33",SANTA ANA,"02",SANTA ANA,"10","0210",35.2,Pobreza Moderada,143.649792305,409.814953124,"245421","117565","127856",1.30907999812,0.0340923743444,"599",21444.000000,20930.000000,42374.000000,17.2658411464382
"34","34",SANTA ANA,"02",COATEPEQUE,"02","0202",50.6,Pobreza Alta,81.4601561235,139.947579008,"36768","17937","18831",0.745736639151,0.0117096011863,"263",3387.000000,3290.000000,6677.000000,18.1598128807659
"35","35",SANTA ANA,"02",EL PORVENIR,"05","0205",48.6,Pobreza Moderada,32.3228016703,48.2995863786,"8232","4084","4148",0.295236559746,0.00404200866585,"170",1024.000000,1039.000000,2063.000000,25.0607385811467
"36","36",SANTA ANA,"02",SAN SEBASTIAN SALITRILLO,"09","0209",31.7,Pobreza Baja,22.6905422361,18.6253120706,"18566","8731","9835",0.207139922386,0.00155825357298,"997",1460.000000,1336.000000,2796.000000,15.0597867068836
"37","37",SANTA ANA,"02",CHALCHUAPA,"03","0203",38,Pobreza Moderada,95.3302801718,183.231949599,"74038","35535","38503",0.889155741197,0.0153271559098,"404",6848.000000,6724.000000,13572.000000,18.3311272589751
"38","38",SANTA ANA,"02",EL CONGO,"04","0204",50.6,Pobreza Alta,50.0770267397,81.5558826614,"24219","11488","12731",0.456481279722,0.00681953318178,"297",2586.000000,2591.000000,5177.000000,21.3757793467938
"39","39",SAN VICENTE,"10",APASTEPEQUE,"01","1001",62.5,Pobreza Alta,74.514333731,116.090952017,"18342","8896","9446",0.682912630315,0.00969995403427,"158",1956.000000,1948.000000,3904.000000,21.2844836986152
"40","40",SAN VICENTE,"10",SAN SEBASTIAN,"09","1009",50.6,Pobreza Alta,51.8415134331,68.1860093162,"14411","6933","7478",0.47419407031,0.00569945802222,"211",1640.000000,1569.000000,3209.000000,22.2677121643189
"41","41",SAN VICENTE,"10",VERAPAZ,"13","1013",64.2,Pobreza Alta,21.9501557542,24.0541405562,"6257","3101","3156",0.200422877664,0.00200983864256,"260",664.000000,645.000000,1309.000000,20.9205689627617
"42","42",SAN VICENTE,"10",SANTO DOMINGO,"05","1005",43.6,Pobreza Moderada,22.5386856776,15.3915505486,"6445","2992","3453",0.205576441526,0.00128627811733,"419",753.000000,709.000000,1462.000000,22.6842513576416
"43","43",SAN VICENTE,"10",SAN LORENZO,"08","1008",66.1,Pobreza Severa,25.7011675963,20.2231639484,"6055","2870","3185",0.234867150768,0.00168997578131,"299",537.000000,527.000000,1064.000000,17.5722543352601
"44","44",SAN VICENTE,"10",TEPETITAN,"12","1012",47.2,Pobreza Moderada,21.9687436524,14.0626641388,"3631","1679","1952",0.199702729544,0.0011749333838,"258",281.000000,270.000000,551.000000,15.1748829523547
"45","45",SAN VICENTE,"10",SAN CAYETANO ISTEPEQUE,"03","1003",51,Pobreza Alta,17.802081575,11.7202955807,"5103","2414","2689",0.162805471554,0.000979265633123,"435",392.000000,374.000000,766.000000,15.0107779737409
"46","46",SAN VICENTE,"10",GUADALUPE,"02","1002",54.8,Pobreza Alta,20.558339458,24.278847515,"5486","2601","2885",0.188233660789,0.00202822632562,"226",580.000000,519.000000,1099.000000,20.0328107911046
"47","47",SAN VICENTE,"10",TECOLUCA,"11","1011",56.6,Pobreza Alta,128.603291636,280.861319781,"23893","11558","12335",1.17315147011,0.0234440591653,"85",2926.000000,2814.000000,5740.000000,24.0237726530783
"48","48",SAN VICENTE,"10",SAN ILDEFONSO,"07","1007",60.4,Pobreza Alta,57.5385373092,136.099462117,"7799","3724","4075",0.526013940396,0.0113729010146,"57",845.000000,750.000000,1595.000000,20.4513399153738
"49","49",USULUTAN,"11",ESTANZUELAS,"07","1107",68.2,Pobreza Severa,36.4514428315,60.6559803455,"9015","4262","4753",0.333493641351,0.00506731463535,"149",992.000000,958.000000,1950.000000,21.630615640599
"50","50",USULUTAN,"11",SAN AGUSTIN,"15","1115",66.3,Pobreza Severa,64.3438568897,107.168476815,"6518","3163","3355",0.587976390818,0.00894645847508,"61",658.000000,678.000000,1336.000000,20.4970849953974
"51","51",USULUTAN,"11",BERLIN,"02","1102",64.9,Pobreza Alta,56.0262380615,142.110202714,"17787","8749","9038",0.512363690608,0.0118672425517,"125",2724.000000,2609.000000,5333.000000,29.9825715410131
"52","52",USULUTAN,"11",NUEVA GRANADA,"12","1112",84.4,Pobreza Severa,55.7069976336,82.2502221373,"7451","3545","3906",0.508761395022,0.00687177342153,"91",869.000000,819.000000,1688.000000,22.6546772245336
"53","53",USULUTAN,"11",EL TRIUNFO,"05","1105",55.1,Pobreza Alta,50.6473598443,41.2429395056,"6924","3280","3644",0.462082555756,0.00344527995432,"168",891.000000,941.000000,1832.000000,26.4586943963027
"54","54",USULUTAN,"11",SAN BUENA VENTURA,"16","1116",49.1,Pobreza Moderada,38.7128479769,33.979097264,"4726","2285","2441",0.353780770294,0.0028380847238,"139",369.000000,326.000000,695.000000,14.7058823529412
"55","55",USULUTAN,"11",SANTIAGO DE MARIA,"21","1121",49.8,Pobreza Alta,26.1154626662,31.0142938963,"18201","8511","9690",0.23916748977,0.00258949774882,"587",1859.000000,1865.000000,3724.000000,20.4604142629526
"56","56",USULUTAN,"11",JUCUAPA,"09","1109",52.2,Pobreza Alta,36.2268121237,46.3094378114,"18442","8923","9519",0.330989342865,0.00386679536606,"398",2336.000000,2345.000000,4681.000000,25.3822795792213
"57","57",USULUTAN,"11",ALEGRIA,"01","1101",74.1,Pobreza Severa,34.1751192628,43.1880948507,"11712","5664","6048",0.31239761275,0.00360623847979,"271",1157.000000,1061.000000,2218.000000,18.9378415300546
"58","58",CHALATENANGO,"04",SAN FRANCISCO LEMPA,"23","0423",57.3,Pobreza Alta,11.9397340099,6.94422954525,"862","426","436",0.109244599249,0.000580976565367,"124",96.000000,94.000000,190.000000,22.0417633410673
"59","59",CHALATENANGO,"04",SAN ANTONIO DE LA CRUZ,"20","0420",64.7,Pobreza Alta,31.5151542954,31.7791547105,"1854","914","940",0.288140878428,0.00265919012994,"58",146.000000,179.000000,325.000000,17.529665587918
"60","60",CHALATENANGO,"04",NOMBRE DE JESUS,"15","0415",62.7,Pobreza Alta,32.3625258904,43.0343311015,"4484","2118","2366",0.296260287406,0.00360112517647,"104",377.000000,421.000000,798.000000,17.7966101694915
"61","61",CHALATENANGO,"04",LAS FLORES,"28","0428",67.9,Pobreza Severa,25.2408662985,25.9705371818,"1583","809","774",0.230995174274,0.00217350831076,"61",144.000000,159.000000,303.000000,19.1408717624763
"62","62",CHALATENANGO,"04",ARCATAO,"02","0402",72,Pobreza Severa,40.0256540707,34.073109345,"2946","1485","1461",0.36573992058,0.00285198128634,"86",177.000000,197.000000,374.000000,12.6951799049559
"63","63",CHALATENANGO,"04",COMALAPA,"05","0405",64.7,Pobreza Alta,22.407689483,26.2263396407,"2996","1390","1606",0.204176750829,0.00219583517407,"114",368.000000,374.000000,742.000000,24.7663551401869
"64","64",CHALATENANGO,"04",LA LAGUNA,"11","0411",71.1,Pobreza Severa,34.8298842431,24.1931624128,"3923","1918","2005",0.318862935438,0.00202566446369,"162",431.000000,411.000000,842.000000,21.4631659444303
"65","65",CHALATENANGO,"04",EL CARRIZAL,"09","0409",71.6,Pobreza Severa,24.406140665,27.5712814107,"2464","1152","1312",0.223318522064,0.00230863985528,"89",131.000000,140.000000,271.000000,10.9983766233766
"66","66",CUSCATLAN,"07",SUCHITOTO,"15","0715",56.8,Pobreza Alta,93.6602322547,307.444787972,"24786","12217","12569",0.854850723256,0.0257179954339,"81",2350.000000,2238.000000,4588.000000,18.5104494472686
"67","67",CUSCATLAN,"07",TENANCINGO,"16","0716",52.3,Pobreza Alta,43.868025581,59.4388700625,"6782","3376","3406",0.401049475565,0.00496982502536,"114",880.000000,747.000000,1627.000000,23.9899734591566
"68","68",CUSCATLAN,"07",SAN JOSE GUAYABAL,"09","0709",55.1,Pobreza Alta,45.6311235113,68.7968592196,"9300","4628","4672",0.418945539037,0.00575299527509,"135",1747.000000,1668.000000,3415.000000,36.7204301075269
"69","69",CUSCATLAN,"07",ORATORIO DE CONCEPCION,"06","0706",53,Pobreza Alta,18.9155252244,14.3380537089,"3578","1760","1818",0.172566500218,0.00119883097914,"250",441.000000,437.000000,878.000000,24.5388485187255
"70","70",CUSCATLAN,"07",SAN BARTOLOME PERULAPIA,"07","0707",40.1,Pobreza Moderada,21.9012948337,11.9089320031,"8058","3900","4158",0.199827527009,0.000995441412871,"677",748.000000,686.000000,1434.000000,17.7959791511541
"71","71",CUSCATLAN,"07",SAN PEDRO PERULAPAN,"10","0710",33.8,Pobreza Baja,62.2282406838,89.1456548685,"44730","21559","23171",0.567807365991,0.00745199764537,"502",4401.000000,4068.000000,8469.000000,18.9336016096579
"72","72",CUSCATLAN,"07",SANTA CRUZ MICHAPA,"14","0714",35.7,Pobreza Moderada,26.0757896102,22.5788044475,"11790","5584","6206",0.238238631421,0.00188720790091,"522",829.000000,825.000000,1654.000000,14.0288379983036
"73","73",CUSCATLAN,"07",MONTE SAN JUAN,"05","0705",64.3,Pobreza Alta,23.9708735243,21.2925725929,"10224","4885","5339",0.218896059412,0.00177993655159,"480",1348.000000,1209.000000,2557.000000,25.0097809076682
"74","74",CUSCATLAN,"07",EL ROSARIO,"04","0704",60.2,Pobreza Alta,21.1532686232,14.5906229948,"4220","2002","2218",0.193432398015,0.00121969011785,"289",333.000000,303.000000,636.000000,15.0710900473934
"75","75",CUSCATLAN,"07",SAN RAFAEL CEDROS,"11","0711",37.4,Pobreza Moderada,23.371553554,20.4819852336,"17069","8007","9062",0.212980841367,0.00171194848195,"833",1904.000000,1945.000000,3849.000000,22.5496514148456
"76","76",CUSCATLAN,"07",COJUTEPEQUE,"02","0702",33,Pobreza Baja,49.0865762218,27.5532647863,"50315","23571","26744",0.449499048479,0.00230275470874,"1826",5634.000000,5925.000000,11559.000000,22.9732684090232
"77","77",CUSCATLAN,"07",EL CARMEN,"03","0703",52.8,Pobreza Alta,30.1598780151,18.9511238856,"13345","6414","6931",0.27542260591,0.00158393320589,"704",1343.000000,1239.000000,2582.000000,19.3480704383664
"78","78",CUSCATLAN,"07",SAN CRISTOBAL,"08","0708",60.5,Pobreza Alta,21.3293301787,15.2611594228,"8316","4046","4270",0.195191549186,0.00127528804826,"545",783.000000,722.000000,1505.000000,18.0976430976431
"79","79",CUSCATLAN,"07",CANDELARIA,"01","0701",52.3,Pobreza Alta,31.1777766377,32.9758748531,"10090","4867","5223",0.285879743887,0.0027554979252,"306",1336.000000,1256.000000,2592.000000,25.6888007928642
"80","80",CUSCATLAN,"07",SAN RAMON,"12","0712",57.6,Pobreza Alta,20.4450913444,11.8594903108,"6292","2997","3295",0.186877482553,0.000991000785216,"531",530.000000,510.000000,1040.000000,16.5289256198347
"81","81",CUSCATLAN,"07",SANTA CRUZ ANALQUITO,"13","0713",62.7,Pobreza Alta,15.2140717318,10.8067268257,"2585","1283","1302",0.139398381123,0.000902938193996,"239",402.000000,412.000000,814.000000,31.4893617021277
"82","82",LA PAZ,"08",SAN LUIS TALPA,"13","0813",37.6,Pobreza Moderada,46.2091465605,107.886050044,"21675","10373","11302",0.421721130132,0.00900574542487,"201",2229.000000,2215.000000,4444.000000,20.5028835063437
"83","83",LA PAZ,"08",OLOCUILTA,"05","0805",23.4,Pobreza Baja,52.1593726657,69.8698508578,"29529","14107","15422",0.476174981769,0.0058318897431,"423",2292.000000,2358.000000,4650.000000,15.7472315351011
"84","84",LA PAZ,"08",SAN JUAN TALPA,"11","0811",35.1,Pobreza Moderada,16.9726036808,11.7491434269,"7707","3640","4067",0.154860691724,0.000981024510155,"656",855.000000,760.000000,1615.000000,20.9549759958479
"85","85",LA PAZ,"08",EL ROSARIO,"02","0802",38.2,Pobreza Moderada,47.2383283208,53.9325677551,"16784","8024","8760",0.431550610813,0.00450265842021,"311",1898.000000,1722.000000,3620.000000,21.5681601525262
"86","86",LA PAZ,"08",SAN ANTONIO MASAHUAT,"07","0807",60.4,Pobreza Alta,27.9884272148,31.2345039631,"4258","2086","2172",0.255921569795,0.0026088213921,"136",399.000000,405.000000,804.000000,18.8821042743072
"87","87",LA PAZ,"08",TAPALHUACA,"20","0820",53.5,Pobreza Alta,28.7427515904,28.1527052226,"3809","1863","1946",0.261570511961,0.00235118009508,"135",587.000000,479.000000,1066.000000,27.9863481228669
"88","88",LA PAZ,"08",CUYULTITAN,"01","0801",28,Pobreza Baja,19.5942773415,13.0964947799,"5590","2701","2889",0.178577042101,0.00109370633001,"427",506.000000,478.000000,984.000000,17.602862254025
"89","89",LA PAZ,"08",SAN FRANCISCO CHINAMECA,"09","0809",52.3,Pobreza Alta,40.1735441105,49.3039501271,"7387","3631","3756",0.366192206115,0.00411863123271,"150",502.000000,463.000000,965.000000,13.063489914715
"90","90",LA PAZ,"08",SAN JUAN TEPEZONTES,"12","0812",64.4,Pobreza Alta,20.9434409224,21.3842637239,"3630","1798","1832",0.191067175017,0.0017862976306,"170",441.000000,442.000000,883.000000,24.3250688705234
"91","91",LA PAZ,"08",SANTIAGO NONUALCO,"19","0819",43,Pobreza Moderada,94.2395586226,145.352385241,"39887","19177","20710",0.859891409084,0.0121351006089,"274",4813.000000,4727.000000,9540.000000,23.9175671271342
"92","92",LA PAZ,"08",SAN PEDRO MASAHUAT,"15","0815",39,Pobreza Moderada,79.5937214305,97.5147945892,"25446","12286","13160",0.726188261322,0.00814057307726,"261",2615.000000,2506.000000,5121.000000,20.1249705258194
"93","93",LA PAZ,"08",SAN JUAN NONUALCO,"10","0810",54.2,Pobreza Alta,71.1845451533,65.4923650408,"17256","8175","9081",0.649505377093,0.00546851329186,"263",1710.000000,1665.000000,3375.000000,19.5584144645341
"94","94",LA PAZ,"08",ZACATECOLUCA,"21","0821",41.6,Pobreza Moderada,109.541388013,283.71075516,"65826","31343","34483",0.998394249612,0.0236822944601,"232",7390.000000,7234.000000,14624.000000,22.2161455959651
"95","95",LA PAZ,"08",SAN RAFAEL OBRAJUELO,"17","0817",38.8,Pobreza Moderada,26.5237830058,12.730960401,"9820","4538","5282",0.242138283187,0.00106298386407,"771",1073.000000,961.000000,2034.000000,20.7128309572301
"96","96",LA PAZ,"08",SAN LUIS LA HERRADURA,"22","0822",42.8,Pobreza Moderada,73.017064584,104.38745546,"20405","9992","10413",0.668197508897,0.00870991296083,"195",2240.000000,2216.000000,4456.000000,21.8377848566528
"97","97",LA PAZ,"08",SAN PEDRO NONUALCO,"16","0816",59.7,Pobreza Alta,28.8724987652,39.444856078,"9252","4514","4738",0.264809215351,0.0032948461199,"235",943.000000,925.000000,1868.000000,20.1902291396455
"98","98",LA PAZ,"08",SANTA MARIA OSTUMA,"18","0818",63.1,Pobreza Alta,24.6420352942,22.2036642633,"5990","2996","2994",0.225816874862,0.00185495161901,"270",585.000000,595.000000,1180.000000,19.6994991652755
"99","99",LA PAZ,"08",PARAISO DE OSORIO,"06","0806",76.4,Pobreza Severa,12.5215786795,7.7809340831,"2727","1352","1375",0.114351924798,0.00065005577192,"350",284.000000,284.000000,568.000000,20.8287495416208
"100","100",LA PAZ,"08",SAN EMIGDIO,"08","0808",62.1,Pobreza Alta,22.3512956672,13.4007476254,"2818","1369","1449",0.205049877826,0.0011196341603,"210",192.000000,196.000000,388.000000,13.7686302342087
"101","101",LA PAZ,"08",SAN MIGUEL TEPEZONTES,"14","0814",70,Pobreza Severa,32.3446243601,26.4316863562,"5084","2463","2621",0.295097823037,0.00220820901217,"192",577.000000,579.000000,1156.000000,22.7380015735641
"102","102",LA PAZ,"08",JERUSALEN,"03","0803",51,Pobreza Alta,17.6569486748,9.21240575747,"2570","1243","1327",0.161347126112,0.000769719978635,"279",283.000000,259.000000,542.000000,21.0894941634241
"103","103",LA PAZ,"08",MERCEDES LA CEIBA,"04","0804",53.5,Pobreza Alta,8.42998226923,2.45976448802,"637","325","312",0.0772793408504,0.000205510951256,"259",105.000000,84.000000,189.000000,29.6703296703297
"104","104",CABANAS,"09",ILOBASCO,"03","0903",60.4,Pobreza Alta,75.8772501946,234.728049034,"61510","28976","32534",0.694299011643,0.0196278137626,"262",6051.000000,5965.000000,12016.000000,19.5350349536661
"105","105",CABANAS,"09",SAN ISIDRO,"05","0905",51.4,Pobreza Alta,47.6803322164,77.7787760101,"7796","3769","4027",0.435592713701,0.00650331723671,"100",769.000000,818.000000,1587.000000,20.3565931246793
"106","106",CABANAS,"09",JUTIAPA,"04","0904",77.8,Pobreza Severa,48.9363114345,86.2668857814,"6584","3127","3457",0.448273163289,0.007215785179,"76",829.000000,817.000000,1646.000000,25
"107","107",CABANAS,"09",TEJUTEPEQUE,"07","0907",60.5,Pobreza Alta,38.8008208283,42.3808230458,"7114","3338","3776",0.354427048092,0.00354406451012,"168",796.000000,788.000000,1584.000000,22.2659544560022
"108","108",CABANAS,"09",CINQUERA,"01","0901",83.1,Pobreza Severa,29.740356082,31.9351754231,"1467","749","718",0.271021726743,0.00267087032476,"46",154.000000,165.000000,319.000000,21.745057941377
"109","109",CABANAS,"09",SENSUNTEPEQUE,"06","0906",50.8,Pobreza Alta,153.664589069,309.574112467,"40332","18696","21636",1.40592910004,0.0258931128021,"130",4173.000000,4242.000000,8415.000000,20.8643260934246
"110","110",CABANAS,"09",VICTORIA,"08","0908",65.9,Pobreza Severa,61.3132323928,146.928661487,"12626","5893","6733",0.561495377649,0.0122922615696,"86",1148.000000,1092.000000,2240.000000,17.7411690163155
"111","111",CABANAS,"09",GUACOTECTI,"02","0902",49.5,Pobreza Moderada,32.368065805,28.3093924484,"5550","2592","2958",0.295153312718,0.00236740637065,"196",446.000000,456.000000,902.000000,16.2522522522523
"112","112",SAN VICENTE,"10",SANTA CLARA,"04","1004",73.8,Pobreza Severa,63.8584983579,126.378284428,"5349","2652","2697",0.584949597764,0.010562565975,"42",569.000000,516.000000,1085.000000,20.2841652645354
"113","113",SAN VICENTE,"10",SAN ESTEBAN CATARINA,"06","1006",75.7,Pobreza Severa,57.1198545619,84.6386780396,"5661","2729","2932",0.522237787794,0.00707439419218,"67",820.000000,900.000000,1720.000000,30.3833245009716
"114","114",SAN VICENTE,"10",SAN VICENTE,"10","1010",46.5,Pobreza Moderada,107.074826702,278.017867889,"53213","25538","27675",0.97916289254,0.0232218734982,"191",6029.000000,5756.000000,11785.000000,22.1468438163607
"115","115",MORAZAN,"13",LOLOTIQUILLO,"13","1313",63.2,Pobreza Alta,23.714907149,27.7713613585,"4915","2260","2655",0.217642513234,0.00232114983095,"177",435.000000,355.000000,790.000000,16.0732451678535
"116","116",MORAZAN,"13",CHILANGA,"04","1304",65.5,Pobreza Severa,39.3536776426,55.2906752587,"9700","4414","5286",0.360925558855,0.00462120118142,"175",1005.000000,996.000000,2001.000000,20.6288659793814
"117","117",MORAZAN,"13",GUATAJIAGUA,"09","1309",78.2,Pobreza Severa,47.2725654747,75.7377836578,"11721","5496","6225",0.431631349385,0.00632882032557,"155",1247.000000,1306.000000,2553.000000,21.7814179677502
"118","118",MORAZAN,"13",SAN FRANCISCO GOTERA,"19","1319",42.1,Pobreza Moderada,61.4907359342,72.6762372059,"21049","9914","11135",0.563886701447,0.00607252340997,"290",2257.000000,2339.000000,4596.000000,21.8347664972208
"119","119",MORAZAN,"13",SENSEMBRA,"22","1322",63.7,Pobreza Alta,31.7328925214,24.6958375225,"2940","1343","1597",0.289915275285,0.00206374320561,"119",225.000000,216.000000,441.000000,15
"120","120",MORAZAN,"13",YAMABAL,"25","1325",63.5,Pobreza Alta,52.7308621177,40.3221771415,"4346","2063","2283",0.481301443615,0.00336919576523,"108",521.000000,522.000000,1043.000000,23.9990796134376
"121","121",MORAZAN,"13",SAN CARLOS,"17","1317",46.1,Pobreza Moderada,31.2583955348,39.937349813,"4172","1978","2194",0.286211371906,0.00333648477898,"104",473.000000,484.000000,957.000000,22.9386385426654
"122","122",MORAZAN,"13",EL DIVISADERO,"06","1306",47.6,Pobreza Moderada,46.2971227419,52.719077103,"7617","3572","4045",0.423206960426,0.00440366036675,"144",721.000000,677.000000,1398.000000,18.3536825521859
"123","123",MORAZAN,"13",JOCORO,"12","1312",30.4,Pobreza Baja,46.7762859011,75.98208734,"10060","4666","5394",0.427123375457,0.00634751482685,"132",952.000000,890.000000,1842.000000,18.3101391650099
"124","124",MORAZAN,"13",CORINTO,"03","1303",65.1,Pobreza Alta,64.2613935215,112.275588862,"15410","7258","8152",0.586637045806,0.00938738923203,"137",1967.000000,1962.000000,3929.000000,25.4964308890331
"125","125",LA UNION,"14",SAN ALEJO,"14","1414",43.3,Pobreza Moderada,90.2098512909,259.710617776,"17598","8120","9478",0.825611048514,0.0216801158912,"68",2049.000000,2118.000000,4167.000000,23.6788271394477
"126","126",LA UNION,"14",PASAQUINA,"12","1412",36.7,Pobreza Moderada,98.8661375663,225.50068043,"16375","7561","8814",0.903908963173,0.0188310040816,"73",1549.000000,1400.000000,2949.000000,18.0091603053435
"127","127",LA UNION,"14",SANTA ROSA DE LIMA,"16","1416",30,Pobreza Baja,52.9835091126,118.152071412,"27693","12845","14848",0.484709561288,0.00987137522632,"234",2930.000000,3001.000000,5931.000000,21.4169645758856
"128","128",LA UNION,"14",EL SAUCE,"06","1406",46.5,Pobreza Moderada,60.7807038357,109.162835706,"6546","2979","3567",0.555785522698,0.00912148169003,"60",604.000000,591.000000,1195.000000,18.2554231591812
"129","129",LA UNION,"14",ANAMOROS,"01","1401",48.4,Pobreza Moderada,62.2983005884,130.213454482,"14551","6751","7800",0.570162257767,0.0108832188808,"112",1409.000000,1422.000000,2831.000000,19.4557075115112
"130","130",LA UNION,"14",CONCHAGUA,"04","1404",45.5,Pobreza Moderada,59.4824355127,166.053176368,"37362","18021","19341",0.542996148441,0.0138519021389,"225",1964.000000,1904.000000,3868.000000,10.3527648412826
"131","131",LA UNION,"14",INTIPUCA,"07","1407",38.6,Pobreza Moderada,41.7491198138,90.0215638039,"7567","3638","3929",0.38174235397,0.00750705753053,"84",749.000000,719.000000,1468.000000,19.4000264305537
"132","132",LA UNION,"14",NUEVA ESPARTA,"11","1411",57.6,Pobreza Alta,67.0193700982,90.9914433554,"9637","4452","5185",0.611718728273,0.00760790756814,"106",932.000000,963.000000,1895.000000,19.6637957870707
"133","133",LA UNION,"14",LISLIQUE,"09","1409",63.6,Pobreza Alta,56.5883481963,94.2057831275,"13385","6320","7065",0.516516657499,0.00787696789505,"142",1248.000000,1190.000000,2438.000000,18.2144191258872
"134","134",LA UNION,"14",POLOROS,"13","1413",45.6,Pobreza Moderada,72.5262662033,110.367381132,"9701","4328","5373",0.662718400875,0.00922801730944,"88",1003.000000,953.000000,1956.000000,20.1628698072364
"135","135",LA UNION,"14",CONCEPCION DE ORIENTE,"03","1403",39.1,Pobreza Moderada,49.9396565775,69.7327754075,"8179","3617","4562",0.455511502108,0.005829557426,"117",919.000000,910.000000,1829.000000,22.3621469617313
"136","136",LA UNION,"14",YUCUAIQUIN,"18","1418",52.8,Pobreza Alta,35.3297913297,48.1526800492,"6799","3059","3740",0.322619715685,0.00402122826719,"141",613.000000,556.000000,1169.000000,17.1937049566113
"137","137",LA UNION,"14",BOLIVAR,"02","1402",44.7,Pobreza Moderada,36.5130302968,60.5239802086,"4215","1937","2278",0.333496926351,0.00505489416954,"70",282.000000,294.000000,576.000000,13.6654804270463
"138","138",LA UNION,"14",SAN JOSE,"15","1415",57.1,Pobreza Alta,27.2663272945,40.5757858869,"2971","1400","1571",0.248722490633,0.0033887370932,"73",245.000000,227.000000,472.000000,15.8869067653989
"139","139",LA UNION,"14",YAYANTIQUE,"17","1417",58.4,Pobreza Alta,32.0090817512,42.0955118785,"6871","3162","3709",0.291446094146,0.00351409507565,"163",728.000000,666.000000,1394.000000,20.2881676611847
"140","140",LA UNION,"14",EL CARMEN,"05","1405",44.8,Pobreza Moderada,54.4092808917,140.782680884,"12324","5880","6444",0.49590544997,0.0117458842602,"88",1543.000000,1571.000000,3114.000000,25.2677702044791
"141","141",LA UNION,"14",LA UNION,"08","1408",31.4,Pobreza Baja,146.006644566,145.486651352,"34045","16093","17952",1.33300991675,0.0121357652987,"234",4000.000000,3830.000000,7830.000000,22.9989719488912
"142","142",LA UNION,"14",MEANGUERA DEL GOLFO,"10","1410",38.4,Pobreza Moderada,38.8971250664,24.7174586164,"2398","1124","1274",0.354859101539,0.00206123486733,"97",11.000000,11.000000,22.000000,0.917431192660551
"143","143",USULUTAN,"11",JIQUILISCO,"08","1108",44.3,Pobreza Moderada,126.033620936,430.414739183,"47784","22938","24846",1.15344467242,0.0359110292339,"111",5588.000000,5236.000000,10824.000000,22.6519337016575
"144","144",USULUTAN,"11",SANTA ELENA,"18","1118",56.2,Pobreza Alta,33.7706075411,64.1173760612,"17342","8133","9209",0.307616871218,0.00535168782372,"270",1694.000000,1685.000000,3379.000000,19.4844885249683
"145","145",USULUTAN,"11",SAN FRANCISCO JAVIER,"19","1119",72.6,Pobreza Severa,33.3826348709,48.8514021967,"5409","2626","2783",0.304562135331,0.00407743234976,"111",549.000000,502.000000,1051.000000,19.4305786651876
"146","146",USULUTAN,"11",TECAPAN,"22","1122",64.5,Pobreza Alta,28.6305971381,42.4992174735,"7697","3656","4041",0.261927181114,0.00354757658687,"181",840.000000,830.000000,1670.000000,21.6967649733662
"147","147",USULUTAN,"11",CALIFORNIA,"03","1103",56,Pobreza Alta,17.9918027447,18.4399356018,"2628","1238","1390",0.164220212352,0.00153933954164,"143",233.000000,224.000000,457.000000,17.3896499238965
"148","148",USULUTAN,"11",OZATLAN,"13","1113",58.8,Pobreza Alta,39.4551317877,47.4529474307,"12443","5876","6567",0.360755638996,0.0039601844558,"262",1048.000000,979.000000,2027.000000,16.290283693643
"149","149",USULUTAN,"11",SANTA MARIA,"20","1120",33.3,Pobreza Baja,18.957907122,16.440560366,"10731","4904","5827",0.172704905034,0.00137181863678,"653",834.000000,794.000000,1628.000000,15.170999906812
"150","150",USULUTAN,"11",EREGUAYQUIN,"06","1106",44.5,Pobreza Moderada,24.619820081,17.7982612799,"6119","2855","3264",0.224505712732,0.00148516686114,"344",769.000000,789.000000,1558.000000,25.4616767445661
"151","151",USULUTAN,"11",USULUTAN,"23","1123",36.9,Pobreza Moderada,127.562704593,233.410420602,"73064","33894","39170",1.1653780395,0.0194700983513,"313",7146.000000,7031.000000,14177.000000,19.4035366254243
"152","152",USULUTAN,"11",CONCEPCION BATRES,"04","1104",57.1,Pobreza Alta,55.44275184,106.463314202,"12197","5736","6461",0.506600979781,0.00888138883139,"115",869.000000,815.000000,1684.000000,13.8066737722391
"153","153",USULUTAN,"11",SAN DIONISIO,"17","1117",50.7,Pobreza Alta,22.1123941914,29.5852564512,"4945","2361","2584",0.202346315986,0.00246812781766,"167",378.000000,351.000000,729.000000,14.74216380182
"154","154",USULUTAN,"11",PUERTO EL TRIUNFO,"14","1114",53.8,Pobreza Alta,72.8382449185,168.213792184,"16584","8005","8579",0.66682591419,0.0140297804792,"99",1310.000000,1412.000000,2722.000000,16.4134105161602
"155","155",USULUTAN,"11",JUCUARAN,"10","1110",65.9,Pobreza Severa,108.516945525,235.625363877,"13424","6619","6805",0.993910384724,0.0196505373438,"57",1666.000000,1535.000000,3201.000000,23.8453516090584
"156","156",SAN MIGUEL,"12",SESORI,"19","1219",54.8,Pobreza Alta,81.6940962712,195.881739197,"10705","5075","5630",0.747902754375,0.0163702194935,"55",1306.000000,1406.000000,2712.000000,25.3339560952826
"157","157",SAN MIGUEL,"12",NUEVO EDEN DE SAN JUAN,"11","1211",62.8,Pobreza Alta,52.6926801649,108.040673474,"4034","1914","2120",0.480530337622,0.00903237336092,"37",412.000000,347.000000,759.000000,18.815071888944
"158","158",CABANAS,"09",DOLORES,"09","0909",64.7,Pobreza Alta,67.0042932655,138.54556724,"6347","3064","3283",0.612607929912,0.0115833271142,"46",663.000000,660.000000,1323.000000,20.8444934614779
"159","159",SAN MIGUEL,"12",SAN GERARDO,"14","1214",54.8,Pobreza Alta,41.3448534695,80.515691569,"5986","2631","3355",0.376562188359,0.0067318470613,"74",529.000000,495.000000,1024.000000,17.1065820247244
"160","160",SAN MIGUEL,"12",SAN LUIS DE LA REINA,"16","1216",52.7,Pobreza Alta,37.3515891773,56.8203036092,"5637","2603","3034",0.340678596431,0.00475096015088,"99",519.000000,509.000000,1028.000000,18.2366507007273
"161","161",SAN MIGUEL,"12",CAROLINA,"01","1201",67.9,Pobreza Severa,43.1342941711,52.8802540449,"8240","3902","4338",0.393716768058,0.00442207966298,"156",944.000000,856.000000,1800.000000,21.8446601941748
"162","162",SAN MIGUEL,"12",SAN ANTONIO,"13","1213",78,Pobreza Severa,31.4532181361,33.6059410815,"5304","2569","2735",0.286958467346,0.00281041008316,"158",647.000000,660.000000,1307.000000,24.6417797888386
"163","163",SAN MIGUEL,"12",CIUDAD BARRIOS,"02","1202",59.6,Pobreza Alta,58.5720772399,116.330003749,"24817","12318","12499",0.535897699537,0.00972388138676,"213",2655.000000,2668.000000,5323.000000,21.4490067292582
"164","164",SAN MIGUEL,"12",CHAPELTIQUE,"04","1204",40.3,Pobreza Moderada,51.1564583649,103.462398388,"10728","4972","5756",0.467685932258,0.00864376837166,"104",1310.000000,1282.000000,2592.000000,24.1610738255034
"165","165",SAN MIGUEL,"12",LOLOTIQUE,"08","1208",49.7,Pobreza Alta,41.681903227,72.8187669063,"14916","7137","7779",0.381006335916,0.00608250213791,"205",1680.000000,1556.000000,3236.000000,21.6948243496916
"166","166",SAN MIGUEL,"12",MONCAGUA,"09","1209",46.6,Pobreza Moderada,48.4573934314,94.736069022,"22659","10664","11995",0.442271193784,0.00791189382183,"239",2654.000000,2576.000000,5230.000000,23.0813363343484
"167","167",SAN MIGUEL,"12",NUEVA GUADALUPE,"10","1210",36.2,Pobreza Moderada,23.9372535725,15.6914899817,"8905","4163","4742",0.219520789103,0.00131040122824,"568",920.000000,869.000000,1789.000000,20.0898371701291
"168","168",SAN MIGUEL,"12",CHINAMECA,"05","1205",44.6,Pobreza Moderada,55.7943485485,94.7614335828,"22311","10538","11773",0.509425944009,0.00791169006039,"235",2505.000000,2424.000000,4929.000000,22.0922414952266
"169","169",SAN MIGUEL,"12",SAN JORGE,"15","1215",55.4,Pobreza Alta,25.2012745678,40.6164724774,"9115","4287","4828",0.230988487958,0.00339027511232,"224",1050.000000,1006.000000,2056.000000,22.5562260010971
"170","170",SAN MIGUEL,"12",QUELEPA,"12","1212",30.1,Pobreza Baja,22.7909474796,16.7858466481,"4049","1920","2129",0.20818930971,0.00140168543592,"241",529.000000,503.000000,1032.000000,25.4877747591998
"171","171",SAN MIGUEL,"12",SAN MIGUEL,"17","1217",30.6,Pobreza Baja,158.762790759,632.979612784,"218410","99672","118738",1.45079927432,0.0528381762838,"345",20928.000000,20749.000000,41677.000000,19.0820017398471
"172","172",SAN MIGUEL,"12",SAN RAFAEL ORIENTE,"18","1218",48.2,Pobreza Moderada,35.4740721063,37.3945094577,"13290","6124","7166",0.325610437479,0.00312091255534,"355",1123.000000,1124.000000,2247.000000,16.9074492099323
"173","173",SAN MIGUEL,"12",EL TRANSITO,"07","1207",37.5,Pobreza Moderada,58.6850236526,80.9005249845,"18363","8584","9779",0.536733519272,0.00675031446301,"227",2031.000000,2095.000000,4126.000000,22.4690954637042
"174","174",SAN MIGUEL,"12",CHIRILAGUA,"06","1206",51.2,Pobreza Alta,84.543994642,222.335155809,"19984","9515","10469",0.772958899864,0.018545577543,"90",1955.000000,1995.000000,3950.000000,19.7658126501201
"175","175",SAN MIGUEL,"12",ULUAZAPA,"20","1220",55,Pobreza Alta,25.3267696176,30.4769099752,"3351","1546","1805",0.232144978081,0.00254466797901,"110",430.000000,433.000000,863.000000,25.7535064159952
"176","176",SAN MIGUEL,"12",COMACARAN,"03","1203",41,Pobreza Moderada,27.9274386617,41.3963809103,"3199","1541","1658",0.255730726609,0.00345701683015,"77",342.000000,399.000000,741.000000,23.1634885901844
"177","177",MORAZAN,"13",SOCIEDAD,"23","1323",52.7,Pobreza Alta,56.2846146049,111.276748681,"11406","5439","5967",0.514085198716,0.00929901731991,"103",1167.000000,1127.000000,2294.000000,20.1122216377345
"178","178",MORAZAN,"13",CACAOPERA,"02","1302",68.5,Pobreza Severa,64.8727956203,125.28810261,"10943","5241","5702",0.593626993855,0.0104748133346,"87",1270.000000,1317.000000,2587.000000,23.6406835419903
"179","179",MORAZAN,"13",SAN FERNANDO,"18","1318",66.7,Pobreza Severa,28.4673955178,36.9529398809,"1708","808","900",0.259983676787,0.00309154234048,"46",201.000000,215.000000,416.000000,24.3559718969555
"180","180",MORAZAN,"13",ARAMBALA,"01","1301",58.3,Pobreza Alta,42.8778865346,70.1924929194,"1821","863","958",0.391380812171,0.00587200150185,"26",348.000000,351.000000,699.000000,38.3855024711697
"181","181",MORAZAN,"13",PERQUIN,"16","1316",54.1,Pobreza Alta,34.913026989,24.2952603808,"3158","1448","1710",0.31870040615,0.00203255433486,"130",634.000000,664.000000,1298.000000,41.1019632678911
"182","182",MORAZAN,"13",JOCOAITIQUE,"11","1311",60.2,Pobreza Alta,26.3288359563,29.0532193133,"2877","1403","1474",0.241198476209,0.00242997452522,"99",470.000000,425.000000,895.000000,31.1087938825165
"183","183",MORAZAN,"13",TOROLA,"24","1324",88.5,Pobreza Severa,36.878134693,48.9719112755,"3042","1539","1503",0.337163871798,0.0040961079087,"62",413.000000,413.000000,826.000000,27.1531886916502
"184","184",MORAZAN,"13",SAN ISIDRO,"20","1320",73.7,Pobreza Severa,13.5016306476,10.3255358304,"2804","1335","1469",0.123520273595,0.00086348190512,"272",301.000000,294.000000,595.000000,21.2196861626248
"185","185",MORAZAN,"13",EL ROSARIO,"07","1307",63.3,Pobreza Alta,20.8396138086,21.7265786922,"1339","656","683",0.190567232889,0.00181692041196,"62",170.000000,167.000000,337.000000,25.1680358476475
"186","186",MORAZAN,"13",MEANGUERA,"14","1314",58.1,Pobreza Alta,43.6009699996,55.5849069474,"7818","3734","4084",0.399004669467,0.00464829410014,"141",736.000000,753.000000,1489.000000,19.0457917625991
"187","187",MORAZAN,"13",JOATECA,"10","1310",74,Pobreza Severa,51.727549991,69.0237251077,"4210","2032","2178",0.472311407525,0.00577285469429,"61",453.000000,419.000000,872.000000,20.7125890736342
"188","188",MORAZAN,"13",SAN SIMON,"21","1321",70.1,Pobreza Severa,36.5533297816,43.3449423066,"10102","4890","5212",0.333910253857,0.00362392787905,"233",1708.000000,1646.000000,3354.000000,33.2013462680657
"189","189",MORAZAN,"13",GUALOCOCTI,"08","1308",80.3,Pobreza Severa,23.2984361646,18.2101085828,"3650","1808","1842",0.212301041611,0.00152248365355,"200",496.000000,464.000000,960.000000,26.3013698630137
"190","190",MORAZAN,"13",DELICIAS DE CONCEPCION,"05","1305",59.8,Pobreza Alta,26.5044053603,24.5810741332,"5076","2412","2664",0.243031230689,0.00205491901166,"207",516.000000,534.000000,1050.000000,20.6855791962175
"191","191",MORAZAN,"13",YOLOAIQUIN,"26","1326",46.7,Pobreza Moderada,22.7721336078,19.4501160584,"3613","1646","1967",0.209091092836,0.00162584732303,"186",262.000000,262.000000,524.000000,14.5031829504567
"192","192",USULUTAN,"11",MERCEDES UMANA,"11","1111",60.4,Pobreza Alta,48.7744236234,74.7171220848,"13092","6332","6760",0.447471673731,0.00624055620818,"175",1588.000000,1485.000000,3073.000000,23.4723495264284
"193","193",MORAZAN,"13",OSICALA,"15","1315",57.2,Pobreza Alta,29.7018283993,35.809218513,"8909","4235","4674",0.271736879204,0.00299397395427,"249",996.000000,968.000000,1964.000000,22.0451229094174
"194","194",SONSONATE,"03",SANTA ISABEL ISHUATAN,"05","0305",60.6,Pobreza Alta,55.0644889501,95.5485285644,"10241","5119","5122",0.53869518094,0.00834314039834,"107",1177.000000,1096.000000,2273.000000,22.1950981349478
"195","195",SONSONATE,"03",CUISNAHUAT,"04","0304",76,Pobreza Severa,49.0245718804,80.9351685158,"12676","6396","6280",0.501948845179,0.0070062173782,"157",1588.000000,1491.000000,3079.000000,24.2899968444304
"196","196",SONSONATE,"03",ACAJUTLA,"01","0301",39.5,Pobreza Moderada,77.4312390355,161.589760489,"52359","25561","26798",0.727270066866,0.0135814162508,"324",5389.000000,5129.000000,10518.000000,20.0882369793159
"197","197",SONSONATE,"03",NAHULINGO,"09","0309",36.4,Pobreza Moderada,38.4774248492,34.9300190067,"10417","5112","5305",0.357313747259,0.00293761668587,"298",978.000000,914.000000,1892.000000,18.1626187961985
"198","198",SONSONATE,"03",CALUCO,"03","0303",79,Pobreza Severa,36.4785659475,53.4924893601,"9139","4699","4440",0.353251004127,0.0044855819553,"171",1265.000000,1253.000000,2518.000000,27.5522486048802
"199","199",SONSONATE,"03",SAN ANTONIO DEL MONTE,"11","0311",33.3,Pobreza Baja,24.0775789094,25.2296484899,"26902","12566","14336",0.223996280737,0.00216177673211,"1066",2521.000000,2409.000000,4930.000000,18.3257750353134
"200","200",SONSONATE,"03",SONSONATE,"15","0315",33.4,Pobreza Baja,137.615855236,219.870862472,"71541","34117","37424",1.2799888245,0.0179412803079,"325",9108.000000,8389.000000,17497.000000,24.4573042031842
"201","201",SONSONATE,"03",SAN JULIAN,"12","0312",53.9,Pobreza Alta,39.1982841609,74.1010068685,"18648","9265","9383",0.521701656735,0.0060256883408,"252",2251.000000,2185.000000,4436.000000,23.7880737880738
"202","202",SONSONATE,"03",ARMENIA,"02","0302",41.9,Pobreza Moderada,46.6279346074,75.9518654241,"34912","16798","18114",0.552041961892,0.00622626479598,"460",3399.000000,3376.000000,6775.000000,19.4059349220898
"203","203",SONSONATE,"03",IZALCO,"06","0306",48.9,Pobreza Moderada,83.2862010479,168.939066492,"70959","34420","36539",0.908793718293,0.0147860413978,"420",8398.000000,8172.000000,16570.000000,23.351512845446
"204","204",SONSONATE,"03",SANTA CATARINA MASAHUAT,"13","0313",74.4,Pobreza Severa,29.582444296,33.2737532953,"10076","4946","5130",0.27087833914,0.00269834255308,"303",1468.000000,1402.000000,2870.000000,28.483525208416
"205","205",SONSONATE,"03",SALCOATITAN,"10","0310",56.4,Pobreza Alta,20.8115885276,12.8210472878,"5484","2681","2803",0.209688431881,0.00106741893392,"428",584.000000,540.000000,1124.000000,20.4959883296864
"206","206",SONSONATE,"03",NAHUIZALCO,"08","0308",53,Pobreza Alta,50.5268168848,73.0774672298,"49081","23696","25385",0.540957286784,0.00566281117334,"672",4976.000000,4856.000000,9832.000000,20.032191683136
"207","207",SONSONATE,"03",JUAYUA,"07","0307",41.9,Pobreza Moderada,48.1669374119,89.5562814265,"24465","11837","12628",0.463325220457,0.0074885057653,"273",2706.000000,2558.000000,5264.000000,21.516452074392
"208","208",SONSONATE,"03",SONZACATE,"16","0316",23.3,Pobreza Baja,17.9075910288,5.60941584772,"25005","11641","13364",0.170290292138,0.000486095683682,"4458",2359.000000,2242.000000,4601.000000,18.4003199360128
"209","209",SAN SALVADOR,"06",ROSARIO DE MORA,"11","0611",52.9,Pobreza Alta,35.6481108263,37.6912682878,"11377","5546","5831",0.326259848568,0.00314727374437,"302",1583.000000,1536.000000,3119.000000,27.4149600070317
"210","210",SAN SALVADOR,"06",PANCHIMALCO,"10","0610",41.6,Pobreza Moderada,63.7883277967,97.0709806097,"41260","19957","21303",0.584573935736,0.00810835412655,"425",4414.000000,4303.000000,8717.000000,21.126999515269
"211","211",SAN SALVADOR,"06",SAN MARCOS,"12","0612",31.1,Pobreza Baja,29.1615084967,16.7913977311,"63209","29617","33592",0.267166598698,0.00140250827965,"3764",4423.000000,4312.000000,8735.000000,13.8192346026673
"212","212",SAN SALVADOR,"06",SANTO TOMAS,"16","0616",23.3,Pobreza Baja,27.8905856348,26.4826312387,"25344","12151","13193",0.254703906997,0.0022125067106,"957",2271.000000,2296.000000,4567.000000,18.0200441919192
"213","213",SAN SALVADOR,"06",SANTIAGO TEXACUANGOS,"15","0615",27.6,Pobreza Baja,35.7581455507,37.4194846458,"19428","9351","10077",0.327524973862,0.00312668262071,"519",1759.000000,1680.000000,3439.000000,17.7012559192917
"214","214",SAN SALVADOR,"06",ILOPANGO,"07","0607",24.2,Pobreza Baja,34.2263206202,35.0201257284,"103862","47726","56136",0.324538219129,0.0029034464995,"2966",6761.000000,6802.000000,13563.000000,13.0586740097437
"215","215",SAN SALVADOR,"06",CUSCATANCINGO,"04","0604",27.5,Pobreza Baja,20.1022579568,6.39068857636,"66400","30782","35618",0.183674188967,0.000534404487243,"10390",4347.000000,4202.000000,8549.000000,12.875
"216","216",SAN SALVADOR,"06",SOYAPANGO,"17","0617",20.5,Pobreza Baja,31.8526348191,29.8840587581,"241403","111234","130169",0.290601884989,0.00249931739784,"8078",12830.000000,12814.000000,25644.000000,10.6229002953567
"217","217",SAN SALVADOR,"06",SAN SALVADOR,"14","0614",21.8,Pobreza Baja,52.1300995698,71.4403262761,"316090","144217","171873",0.476859249212,0.00597003703775,"4425",21067.000000,21417.000000,42484.000000,13.4404758138505
"218","218",SAN SALVADOR,"06",MEJICANOS,"08","0608",18.7,Pobreza Baja,29.4898714425,19.4929321358,"140751","64509","76242",0.270846197019,0.00162968869032,"7221",6119.000000,5607.000000,11726.000000,8.33102429112404
"219","219",SAN SALVADOR,"06",AYUTUXTEPEQUE,"03","0603",25.1,Pobreza Baja,21.0646076446,8.92477742386,"34710","17076","17634",0.192671702616,0.000745931676521,"3889",1905.000000,1667.000000,3572.000000,10.2909824258139
"220","220",SAN SALVADOR,"06",DELGADO,"19","0619",30.6,Pobreza Baja,35.5571226802,33.3825338103,"120200","56297","63903",0.324747053388,0.00278986036676,"3601",5862.000000,5461.000000,11323.000000,9.42013311148087
"221","221",SAN SALVADOR,"06",SAN MARTIN,"13","0613",29.9,Pobreza Baja,38.7697298877,55.7120910715,"72758","34050","38708",0.366829144319,0.0046776220104,"1306",6539.000000,6699.000000,13238.000000,18.1945627972182
"222","222",SAN SALVADOR,"06",TONACATEPEQUE,"18","0618",25.7,Pobreza Baja,44.5253336076,67.8556150564,"90896","42778","48118",0.405608019618,0.00567278030645,"1340",6300.000000,6139.000000,12439.000000,13.6848706213695
"223","223",SAN SALVADOR,"06",APOPA,"02","0602",30.2,Pobreza Baja,45.4821257118,53.0689233806,"131286","61172","70114",0.415383216677,0.00443459699588,"2474",9886.000000,9861.000000,19747.000000,15.0412077449233
"224","224",SAN SALVADOR,"06",NEJAPA,"09","0609",37.3,Pobreza Moderada,59.5324013051,83.3300939134,"29458","14290","15168",0.542250311831,0.0069701458087,"354",3003.000000,3069.000000,6072.000000,20.6123973114264
"225","225",SAN SALVADOR,"06",GUAZAPA,"06","0606",41.3,Pobreza Moderada,42.6040955455,64.7957175412,"22906","11116","11790",0.388204616512,0.00541695432917,"354",2139.000000,2137.000000,4276.000000,18.6675980092552
"226","226",SAN SALVADOR,"06",AGUILARES,"01","0601",42.7,Pobreza Moderada,36.0728639155,33.6012139685,"21267","9844","11423",0.329911921496,0.00280964273872,"633",2260.000000,2315.000000,4575.000000,21.5122020031034
"227","227",SAN SALVADOR,"06",EL PAISNAL,"05","0605",44.7,Pobreza Moderada,69.6876549856,126.12112073,"14551","7084","7467",0.636319966942,0.0105589978773,"115",1496.000000,1437.000000,2933.000000,20.1566902618377
"228","228",AHUACHAPAN,"01",SAN PEDRO PUXTLA,"10","0110",70.6,Pobreza Severa,28.781311929,24.3422843781,"7773","3880","3893",0.270561156999,0.00209240947781,"319",996.000000,980.000000,1976.000000,25.4213302457224
"229","229",AHUACHAPAN,"01",JUJUTLA,"07","0107",59.9,Pobreza Alta,80.5493811056,179.879046975,"28599","13981","14618",0.870424526811,0.014975992405,"159",3189.000000,3159.000000,6348.000000,22.1965803000105
"230","230",AHUACHAPAN,"01",APANECA,"02","0102",52,Pobreza Alta,32.4664330927,40.6770800884,"8383","4088","4295",0.306195013741,0.00340092613292,"206",1019.000000,906.000000,1925.000000,22.9631396874627
"231","231",AHUACHAPAN,"01",CONCEPCION DE ATACO,"04","0104",48.7,Pobreza Moderada,47.5784226153,68.9204660813,"12786","6276","6510",0.560437094044,0.00570234399742,"186",1642.000000,1536.000000,3178.000000,24.8553104958548
"232","232",AHUACHAPAN,"01",SAN FRANCISCO MENENDEZ,"08","0108",57.6,Pobreza Alta,98.4258441023,265.791811923,"42607","20769","21838",1.02361876526,0.0219906690321,"160",4474.000000,4486.000000,8960.000000,21.029408313188
"233","233",AHUACHAPAN,"01",TACUBA,"11","0111",68.1,Pobreza Severa,80.8651368935,152.289222389,"29858","14816","15042",0.868202909058,0.013161185141,"196",3498.000000,3294.000000,6792.000000,22.7476723156273
"234","234",AHUACHAPAN,"01",TURIN,"12","0112",32,Pobreza Baja,18.6686474293,10.1366896015,"8997","4263","4734",0.170597869639,0.00083466885192,"888",1126.000000,1017.000000,2143.000000,23.8190507947093
"235","235",AHUACHAPAN,"01",EL REFUGIO,"05","0105",26.4,Pobreza Baja,14.1552393208,8.3470341036,"8171","3896","4275",0.162380450458,0.000946288244863,"979",974.000000,823.000000,1797.000000,21.9924121894505
"236","236",AHUACHAPAN,"01",ATIQUIZAYA,"03","0103",41.2,Pobreza Moderada,54.9150923877,65.1695533019,"33587","16238","17349",0.477571149102,0.00526196733105,"515",3250.000000,3115.000000,6365.000000,18.9507845297288
"237","237",AHUACHAPAN,"01",AHUACHAPAN,"01","0101",47.7,Pobreza Moderada,83.7769501109,251.1917483,"110511","52808","57703",0.770184392682,0.0209796810453,"440",12154.000000,11698.000000,23852.000000,21.5833717910434
"238","238",AHUACHAPAN,"01",SAN LORENZO,"09","0109",53.3,Pobreza Alta,50.1981134773,44.7160958375,"9194","4657","4537",0.465395501503,0.00373340958162,"206",1772.000000,1705.000000,3477.000000,37.8181422666957
"239","239",CHALATENANGO,"04",ZONA DE DEMARCACION LIMITROFE,,,0,,28.7782459968,31.4163092976,"0","0","0",0.263638615039,0.00262995933528,"0",19.000000,20.000000,39.000000,
"240","240",CHALATENANGO,"04",ZONA DE DEMARCACION LIMITROFE,,,0,,15.583727,66.767208,"0","0","0",0.179415412012,0.000795170070154,"0",23.000000,20.000000,43.000000,
"241","241",LA LIBERTAD,"05",LA LIBERTAD,"09","0509",41.7,Pobreza Moderada,95.8997986439,136.609461324,"35997","17399","18598",0.877924817969,0.0114060076852,"264",4495.000000,4554.000000,9049.000000,25.1382059616079
"242","242",LA LIBERTAD,"05",JICALAPA,"08","0508",63.9,Pobreza Alta,36.7385216785,50.8084786185,"5116","2543","2573",0.335172282657,0.00424301441782,"101",623.000000,583.000000,1206.000000,23.5731039874902
"243","243",LA LIBERTAD,"05",ZARAGOZA,"22","0522",38.9,Pobreza Moderada,28.0432386745,22.6095472654,"22525","10684","11841",0.255510290695,0.00188845142108,"996",1965.000000,1939.000000,3904.000000,17.3318534961154
"244","244",LA LIBERTAD,"05",SAN JOSE VILLANUEVA,"14","0514",41.1,Pobreza Moderada,39.0171949159,34.7296261249,"13576","6583","6993",0.355498254582,0.00290057303244,"391",1412.000000,1408.000000,2820.000000,20.7719505008839
"245","245",LA LIBERTAD,"05",HUIZUCAR,"06","0506",50.1,Pobreza Alta,49.6686402796,54.3856752912,"14465","7028","7437",0.453218630905,0.00454253240872,"266",1203.000000,1156.000000,2359.000000,16.3083304528171
"246","246",LA LIBERTAD,"05",TAMANIQUE,"18","0518",57.1,Pobreza Alta,59.9577345782,99.0606906175,"13544","6725","6819",0.54680692134,0.00827367840154,"137",1401.000000,1385.000000,2786.000000,20.5699940933255
"247","247",LA LIBERTAD,"05",CHILTIUPAN,"05","0505",55.2,Pobreza Alta,57.3032265144,84.550730639,"10897","5484","5413",0.52234942551,0.00706172247432,"129",1521.000000,1433.000000,2954.000000,27.1083784527852
"248","248",LA LIBERTAD,"05",NUEVO CUSCATLAN,"10","0510",40.4,Pobreza Moderada,14.8895541693,8.67018273368,"6897","3280","3617",0.136145518502,0.000724384680159,"795",324.000000,332.000000,656.000000,9.51138176018559
"249","249",LA LIBERTAD,"05",TEOTEPEQUE,"20","0520",58.5,Pobreza Alta,65.4604342443,101.237906401,"12320","6066","6254",0.598557788963,0.00845536530644,"122",999.000000,1030.000000,2029.000000,16.4691558441558
"250","250",LA LIBERTAD,"05",COMASAGUA,"04","0504",60.2,Pobreza Alta,53.2376591111,80.2535218256,"11870","5966","5904",0.485805948104,0.0067040437473,"148",1819.000000,1774.000000,3593.000000,30.2695871946083
"251","251",LA LIBERTAD,"05",ANTIGUO CUSCATLAN,"01","0501",10.6,Pobreza Baja,28.3580183827,21.5086034523,"33698","15276","18422",0.259025782879,0.00179724577668,"1567",840.000000,735.000000,1575.000000,4.67386788533444
"252","252",LA LIBERTAD,"05",TALNIQUE,"19","0519",45.4,Pobreza Moderada,30.1538934801,32.6807481802,"8254","4068","4186",0.275615420998,0.00273071201532,"253",621.000000,561.000000,1182.000000,14.3203295371941
"253","253",LA LIBERTAD,"05",JAYAQUE,"07","0507",37.6,Pobreza Moderada,38.7883336526,42.3683027324,"11058","5409","5649",0.35394289737,0.00354036353716,"261",1545.000000,1469.000000,3014.000000,27.2562850425032
"254","254",LA LIBERTAD,"05",TEPECOYO,"21","0521",54.5,Pobreza Alta,39.8620952376,49.9042345903,"14322","6985","7337",0.364625996377,0.00417034978123,"287",1575.000000,1463.000000,3038.000000,21.2121212121212
"255","255",LA LIBERTAD,"05",SANTA TECLA,"11","0511",18.2,Pobreza Baja,83.4135041624,108.588533821,"121908","55780","66128",0.76135490581,0.00907259105378,"1123",7621.000000,7808.000000,15429.000000,12.6562653804508
"256","256",LA LIBERTAD,"05",COLON,"03","0503",26.7,Pobreza Baja,49.9806032775,76.3891271939,"96989","45781","51208",0.458459873821,0.00638435908767,"1270",7699.000000,7512.000000,15211.000000,15.6832218086587
"257","257",LA LIBERTAD,"05",SACACOYO,"13","0513",35.4,Pobreza Moderada,36.1943096444,24.9985577156,"12299","5974","6325",0.330736608835,0.00208950147745,"492",1727.000000,1706.000000,3433.000000,27.9128384421498
"258","258",LA LIBERTAD,"05",CIUDAD ARCE,"02","0502",25.8,Pobreza Baja,56.5536767644,77.2334648712,"60314","29073","31241",0.51625015169,0.006457505027,"781",5911.000000,5655.000000,11566.000000,19.1763106409789
"259","259",LA LIBERTAD,"05",QUEZALTEPEQUE,"12","0512",30.3,Pobreza Baja,68.1043273069,126.492031834,"52643","24915","27728",0.620335161166,0.0105774203125,"416",5402.000000,5108.000000,10510.000000,19.9646676671162
"260","260",LA LIBERTAD,"05",SAN MATIAS,"16","0516",51.3,Pobreza Alta,47.347899989,51.7365385111,"7314","3569","3745",0.432483641723,0.00432714603292,"141",726.000000,697.000000,1423.000000,19.4558381186765
"261","261",LA LIBERTAD,"05",SAN JUAN OPICO,"15","0515",33.9,Pobreza Baja,98.0262823683,229.485509427,"74280","35550","38730",0.896055692124,0.0191905116451,"324",7780.000000,7323.000000,15103.000000,20.3325255788907
"262","262",LA LIBERTAD,"05",SAN PABLO TACACHICO,"17","0517",51.6,Pobreza Alta,65.7839362571,126.843138827,"20366","9928","10438",0.601661761509,0.0106132929177,"161",2127.000000,2149.000000,4276.000000,20.9957772758519
"263","263",MORAZAN,"13",ZONA DE DEMARCACION LIMITROFE,,,0,,73.2331461634,137.687426954,"0","0","0",0.492327506424,0.0104998773223,"0",,,,
"264","264",CHALATENANGO,"04",ZONA DE DEMARCACION LIMITROFE,,,0,,73.2331461634,137.687426954,"0","0","0",0.128342607558,0.000647328826464,"0",,,,
"265","265",CHALATENANGO,"04",ZONA DE DEMARCACION LIMITROFE,,,0,,17.7138537179,9.75873181474,"0","0","0",0.160976916305,0.000816737055126,"0",,,,
"266","266",MORAZAN,"13",ZONA DE DEMARCACION LIMITROFE,,,0,,17.7138537179,9.75873181474,"0","0","0",0.0618497335245,0.000103185795846,"0",,,,
"267","267",MORAZAN,"13",ZONA DE DEMARCACION LIMITROFE,,,0,,17.7138537179,9.75873181474,"0","0","0",0.120500732118,0.000384175717693,"0",,,,
"268","268",LA UNION,"14",ZONA DE DEMARCACION LIMITROFE,,,0,,30.8404436344,39.0149219271,"0","0","0",0.475995989486,0.00609822448056,"0",,,,
"269","269",LA UNION,"14",ZONA DE DEMARCACION LIMITROFE,,,0,,30.8404436344,39.0149219271,"0","0","0",0.283272604154,0.00326333997109,"0",,,,
"270","270",AHUACHAPAN,"01",GUAYMANGO,"06","0106",72.7,Pobreza Severa,42.0449110793,78.5944617621,"19037","9487","9550",0.383955364286,0.0065688922116,"242",2310.000000,2159.000000,4469.000000,23.4753375006566
"271","271",SONSONATE,"03",SANTO DOMINGO DE GUZMAN,"14","0314",71.7,Pobreza Severa,27.0658570013,28.0023004258,"7055","3398","3657",0.246593511174,0.002340258769,"252",929.000000,880.000000,1809.000000,25.6413890857548
